[
  {
    "id": 383,
    "memberID": 14,
    "status": "COMPLETED",
    "amount": 500,
    "transaction_id": "2P6540339V410180W",
    "createdAt": "2026-01-21T15:07:18.000Z",
    "User": {
      "id": 14,
      "username": "ThtsMeJP"
    },
    "Pool": {
      "name": "Test Pool 1",
      "id": 115
    }
  },
  {
    "id": 382,
    "memberID": 14,
    "status": "COMPLETED",
    "amount": 200,
    "transaction_id": "9GT961780S695800U",
    "createdAt": "2026-01-21T14:39:21.000Z",
    "User": {
      "id": 14,
      "username": "ThtsMeJP"
    },
    "Pool": {
      "name": "Shoe shop",
      "id": 95
    }
  },
  {
    "id": 381,
    "memberID": 14,
    "status": "COMPLETED",
    "amount": 25,
    "transaction_id": "0LK3304820161864V",
    "createdAt": "2025-12-28T16:59:08.000Z",
    "User": {
      "id": 14,
      "username": "ThtsMeJP"
    },
    "Pool": {
      "name": "SF Fantasy 25-26",
      "id": 91
    }
  },
  {
    "id": 380,
    "memberID": 14,
    "status": "COMPLETED",
    "amount": 25,
    "transaction_id": "9U673218CW840874A",
    "createdAt": "2025-12-27T15:53:59.000Z",
    "User": {
      "id": 14,
      "username": "ThtsMeJP"
    },
    "Pool": {
      "name": "SF Fantasy 25-26",
      "id": 91
    }
  },
  {
    "id": 379,
    "memberID": 14,
    "status": "COMPLETED",
    "amount": 25,
    "transaction_id": "6MB73114TJ1149256",
    "createdAt": "2025-12-27T15:49:17.000Z",
    "User": {
      "id": 14,
      "username": "ThtsMeJP"
    },
    "Pool": {
      "name": "SF Fantasy 25-26",
      "id": 91
    }
  },
  {
    "id": 378,
    "memberID": 14,
    "status": "COMPLETED",
    "amount": 25,
    "transaction_id": "7JM54603NT757170W",
    "createdAt": "2025-12-27T15:39:55.000Z",
    "User": {
      "id": 14,
      "username": "ThtsMeJP"
    },
    "Pool": {
      "name": "SF Fantasy 25-26",
      "id": 91
    }
  },
  {
    "id": 377,
    "memberID": 14,
    "status": "COMPLETED",
    "amount": 25,
    "transaction_id": "4CY314717X217401E",
    "createdAt": "2025-12-27T14:47:49.000Z",
    "User": {
      "id": 14,
      "username": "ThtsMeJP"
    },
    "Pool": {
      "name": "SF Fantasy 25-26",
      "id": 91
    }
  },
  {
    "id": 376,
    "memberID": 14,
    "status": "COMPLETED",
    "amount": 25,
    "transaction_id": "49A96462R06051120",
    "createdAt": "2025-12-25T16:43:59.000Z",
    "User": {
      "id": 14,
      "username": "ThtsMeJP"
    },
    "Pool": {
      "name": "SF Fantasy 25-26",
      "id": 91
    }
  },
  {
    "id": 375,
    "memberID": 14,
    "status": "COMPLETED",
    "amount": 25,
    "transaction_id": "7K6626411J491564T",
    "createdAt": "2025-12-25T16:43:01.000Z",
    "User": {
      "id": 14,
      "username": "ThtsMeJP"
    },
    "Pool": {
      "name": "SF Fantasy 25-26",
      "id": 91
    }
  },
  {
    "id": 374,
    "memberID": 14,
    "status": "COMPLETED",
    "amount": 25,
    "transaction_id": "5FC211758G272443T",
    "createdAt": "2025-12-25T16:41:03.000Z",
    "User": {
      "id": 14,
      "username": "ThtsMeJP"
    },
    "Pool": {
      "name": "SF Fantasy 25-26",
      "id": 91
    }
  },
  {
    "id": 373,
    "memberID": 14,
    "status": "COMPLETED",
    "amount": 25,
    "transaction_id": "9M037695M78033101",
    "createdAt": "2025-12-25T16:34:50.000Z",
    "User": {
      "id": 14,
      "username": "ThtsMeJP"
    },
    "Pool": {
      "name": "SF Fantasy 25-26",
      "id": 91
    }
  },
  {
    "id": 372,
    "memberID": 14,
    "status": "COMPLETED",
    "amount": 25,
    "transaction_id": "38285750N31559152",
    "createdAt": "2025-12-25T16:28:28.000Z",
    "User": {
      "id": 14,
      "username": "ThtsMeJP"
    },
    "Pool": {
      "name": "SF Fantasy 25-26",
      "id": 91
    }
  },
  {
    "id": 371,
    "memberID": 14,
    "status": "COMPLETED",
    "amount": 25,
    "transaction_id": "5W594998BN555645J",
    "createdAt": "2025-12-25T16:07:43.000Z",
    "User": {
      "id": 14,
      "username": "ThtsMeJP"
    },
    "Pool": {
      "name": "SF Fantasy 25-26",
      "id": 91
    }
  },
  {
    "id": 370,
    "memberID": 14,
    "status": "COMPLETED",
    "amount": 25,
    "transaction_id": "66V29708GT749850A",
    "createdAt": "2025-12-25T16:06:57.000Z",
    "User": {
      "id": 14,
      "username": "ThtsMeJP"
    },
    "Pool": {
      "name": "SF Fantasy 25-26",
      "id": 91
    }
  },
  {
    "id": 369,
    "memberID": 14,
    "status": "COMPLETED",
    "amount": 25,
    "transaction_id": "7JK64413HF335701M",
    "createdAt": "2025-12-25T15:43:03.000Z",
    "User": {
      "id": 14,
      "username": "ThtsMeJP"
    },
    "Pool": {
      "name": "SF Fantasy 25-26",
      "id": 91
    }
  },
  {
    "id": 368,
    "memberID": 14,
    "status": "COMPLETED",
    "amount": 25,
    "transaction_id": "6BB12359DV282615K",
    "createdAt": "2025-12-25T15:30:59.000Z",
    "User": {
      "id": 14,
      "username": "ThtsMeJP"
    },
    "Pool": {
      "name": "SF Fantasy 25-26",
      "id": 91
    }
  },
  {
    "id": 367,
    "memberID": 14,
    "status": "COMPLETED",
    "amount": 25,
    "transaction_id": "4MB53727NY518613B",
    "createdAt": "2025-12-25T14:34:40.000Z",
    "User": {
      "id": 14,
      "username": "ThtsMeJP"
    },
    "Pool": {
      "name": "SF Fantasy 25-26",
      "id": 91
    }
  },
  {
    "id": 366,
    "memberID": 14,
    "status": "COMPLETED",
    "amount": 25,
    "transaction_id": "03B195752D977910C",
    "createdAt": "2025-12-25T13:14:23.000Z",
    "User": {
      "id": 14,
      "username": "ThtsMeJP"
    },
    "Pool": {
      "name": "SF Fantasy 25-26",
      "id": 91
    }
  },
  {
    "id": 365,
    "memberID": 14,
    "status": "COMPLETED",
    "amount": 25,
    "transaction_id": "8V567164MS2053200",
    "createdAt": "2025-12-25T13:09:54.000Z",
    "User": {
      "id": 14,
      "username": "ThtsMeJP"
    },
    "Pool": {
      "name": "SF Fantasy 25-26",
      "id": 91
    }
  },
  {
    "id": 364,
    "memberID": 14,
    "status": "COMPLETED",
    "amount": 25,
    "transaction_id": "63P13419CU767325T",
    "createdAt": "2025-12-25T13:01:38.000Z",
    "User": {
      "id": 14,
      "username": "ThtsMeJP"
    },
    "Pool": {
      "name": "SF Fantasy 25-26",
      "id": 91
    }
  },
  {
    "id": 363,
    "memberID": 14,
    "status": "COMPLETED",
    "amount": 25,
    "transaction_id": "5C836285L9211503V",
    "createdAt": "2025-12-25T13:00:09.000Z",
    "User": {
      "id": 14,
      "username": "ThtsMeJP"
    },
    "Pool": {
      "name": "SF Fantasy 25-26",
      "id": 91
    }
  },
  {
    "id": 362,
    "memberID": 14,
    "status": "COMPLETED",
    "amount": 25,
    "transaction_id": "15G68133T07888644",
    "createdAt": "2025-12-24T16:51:54.000Z",
    "User": {
      "id": 14,
      "username": "ThtsMeJP"
    },
    "Pool": {
      "name": "SF Fantasy 25-26",
      "id": 91
    }
  },
  {
    "id": 361,
    "memberID": 14,
    "status": "COMPLETED",
    "amount": 25,
    "transaction_id": "49333400UN091984C",
    "createdAt": "2025-12-24T16:49:52.000Z",
    "User": {
      "id": 14,
      "username": "ThtsMeJP"
    },
    "Pool": {
      "name": "SF Fantasy 25-26",
      "id": 91
    }
  },
  {
    "id": 360,
    "memberID": 14,
    "status": "COMPLETED",
    "amount": 25,
    "transaction_id": "8AL7268293618113T",
    "createdAt": "2025-12-24T14:57:39.000Z",
    "User": {
      "id": 14,
      "username": "ThtsMeJP"
    },
    "Pool": {
      "name": "SF Fantasy 25-26",
      "id": 91
    }
  },
  {
    "id": 359,
    "memberID": 14,
    "status": "COMPLETED",
    "amount": 25,
    "transaction_id": "35184508CB295581R",
    "createdAt": "2025-12-23T16:08:17.000Z",
    "User": {
      "id": 14,
      "username": "ThtsMeJP"
    },
    "Pool": {
      "name": "SF Fantasy 25-26",
      "id": 91
    }
  },
  {
    "id": 358,
    "memberID": 14,
    "status": "COMPLETED",
    "amount": 25,
    "transaction_id": "08H43774XK0965254",
    "createdAt": "2025-12-23T16:07:57.000Z",
    "User": {
      "id": 14,
      "username": "ThtsMeJP"
    },
    "Pool": {
      "name": "SF Fantasy 25-26",
      "id": 91
    }
  },
  {
    "id": 357,
    "memberID": 14,
    "status": "COMPLETED",
    "amount": 25,
    "transaction_id": "8K384192RP283312D",
    "createdAt": "2025-12-23T15:54:20.000Z",
    "User": {
      "id": 14,
      "username": "ThtsMeJP"
    },
    "Pool": {
      "name": "SF Fantasy 25-26",
      "id": 91
    }
  },
  {
    "id": 356,
    "memberID": 14,
    "status": "COMPLETED",
    "amount": 25,
    "transaction_id": "4PU83144JV9749902",
    "createdAt": "2025-12-23T15:49:48.000Z",
    "User": {
      "id": 14,
      "username": "ThtsMeJP"
    },
    "Pool": {
      "name": "SF Fantasy 25-26",
      "id": 91
    }
  },
  {
    "id": 355,
    "memberID": 14,
    "status": "COMPLETED",
    "amount": 25,
    "transaction_id": "32U67634LB450014Y",
    "createdAt": "2025-12-23T15:38:06.000Z",
    "User": {
      "id": 14,
      "username": "ThtsMeJP"
    },
    "Pool": {
      "name": "SF Fantasy 25-26",
      "id": 91
    }
  },
  {
    "id": 354,
    "memberID": 14,
    "status": "COMPLETED",
    "amount": 25,
    "transaction_id": "7XW3239837166933T",
    "createdAt": "2025-12-23T15:33:56.000Z",
    "User": {
      "id": 14,
      "username": "ThtsMeJP"
    },
    "Pool": {
      "name": "SF Fantasy 25-26",
      "id": 91
    }
  },
  {
    "id": 353,
    "memberID": 14,
    "status": "COMPLETED",
    "amount": 25,
    "transaction_id": "3TC08280LP796930X",
    "createdAt": "2025-12-23T15:31:13.000Z",
    "User": {
      "id": 14,
      "username": "ThtsMeJP"
    },
    "Pool": {
      "name": "SF Fantasy 25-26",
      "id": 91
    }
  },
  {
    "id": 352,
    "memberID": 14,
    "status": "COMPLETED",
    "amount": 25,
    "transaction_id": "6UB482004C392260P",
    "createdAt": "2025-12-23T15:29:38.000Z",
    "User": {
      "id": 14,
      "username": "ThtsMeJP"
    },
    "Pool": {
      "name": "SF Fantasy 25-26",
      "id": 91
    }
  },
  {
    "id": 351,
    "memberID": 14,
    "status": "COMPLETED",
    "amount": 25,
    "transaction_id": "65F50244W1671804B",
    "createdAt": "2025-12-23T15:24:55.000Z",
    "User": {
      "id": 14,
      "username": "ThtsMeJP"
    },
    "Pool": {
      "name": "SF Fantasy 25-26",
      "id": 91
    }
  },
  {
    "id": 350,
    "memberID": 14,
    "status": "COMPLETED",
    "amount": 25,
    "transaction_id": "44457797RM6536443",
    "createdAt": "2025-12-23T15:23:05.000Z",
    "User": {
      "id": 14,
      "username": "ThtsMeJP"
    },
    "Pool": {
      "name": "SF Fantasy 25-26",
      "id": 91
    }
  },
  {
    "id": 349,
    "memberID": 14,
    "status": "COMPLETED",
    "amount": 25,
    "transaction_id": "5RL22338YW048214S",
    "createdAt": "2025-12-23T15:15:23.000Z",
    "User": {
      "id": 14,
      "username": "ThtsMeJP"
    },
    "Pool": {
      "name": "SF Fantasy 25-26",
      "id": 91
    }
  },
  {
    "id": 348,
    "memberID": 14,
    "status": "COMPLETED",
    "amount": 25,
    "transaction_id": "6H120767V2555014R",
    "createdAt": "2025-12-23T15:12:16.000Z",
    "User": {
      "id": 14,
      "username": "ThtsMeJP"
    },
    "Pool": {
      "name": "SF Fantasy 25-26",
      "id": 91
    }
  },
  {
    "id": 347,
    "memberID": 14,
    "status": "COMPLETED",
    "amount": 25,
    "transaction_id": "4D844130L2829933U",
    "createdAt": "2025-12-23T15:00:56.000Z",
    "User": {
      "id": 14,
      "username": "ThtsMeJP"
    },
    "Pool": {
      "name": "SF Fantasy 25-26",
      "id": 91
    }
  },
  {
    "id": 346,
    "memberID": 14,
    "status": "COMPLETED",
    "amount": 25,
    "transaction_id": "8G013461R9689894P",
    "createdAt": "2025-12-23T14:43:49.000Z",
    "User": {
      "id": 14,
      "username": "ThtsMeJP"
    },
    "Pool": {
      "name": "SF Fantasy 25-26",
      "id": 91
    }
  },
  {
    "id": 345,
    "memberID": 14,
    "status": "COMPLETED",
    "amount": 25,
    "transaction_id": "0N191239EM445932J",
    "createdAt": "2025-12-23T14:30:12.000Z",
    "User": {
      "id": 14,
      "username": "ThtsMeJP"
    },
    "Pool": {
      "name": "SF Fantasy 25-26",
      "id": 91
    }
  },
  {
    "id": 344,
    "memberID": 14,
    "status": "COMPLETED",
    "amount": 25,
    "transaction_id": "7EL22859658459257",
    "createdAt": "2025-12-23T14:27:14.000Z",
    "User": {
      "id": 14,
      "username": "ThtsMeJP"
    },
    "Pool": {
      "name": "SF Fantasy 25-26",
      "id": 91
    }
  },
  {
    "id": 343,
    "memberID": 14,
    "status": "COMPLETED",
    "amount": 25,
    "transaction_id": "3MH86268MW229590M",
    "createdAt": "2025-12-23T14:25:32.000Z",
    "User": {
      "id": 14,
      "username": "ThtsMeJP"
    },
    "Pool": {
      "name": "SF Fantasy 25-26",
      "id": 91
    }
  },
  {
    "id": 342,
    "memberID": 14,
    "status": "COMPLETED",
    "amount": 25,
    "transaction_id": "5CL62688NV489191M",
    "createdAt": "2025-12-23T14:15:33.000Z",
    "User": {
      "id": 14,
      "username": "ThtsMeJP"
    },
    "Pool": {
      "name": "SF Fantasy 25-26",
      "id": 91
    }
  },
  {
    "id": 341,
    "memberID": 14,
    "status": "COMPLETED",
    "amount": 25,
    "transaction_id": "5HE65162UM712914M",
    "createdAt": "2025-12-23T14:11:55.000Z",
    "User": {
      "id": 14,
      "username": "ThtsMeJP"
    },
    "Pool": {
      "name": "SF Fantasy 25-26",
      "id": 91
    }
  },
  {
    "id": 340,
    "memberID": 14,
    "status": "COMPLETED",
    "amount": 25,
    "transaction_id": "528634331A368614M",
    "createdAt": "2025-12-23T14:05:14.000Z",
    "User": {
      "id": 14,
      "username": "ThtsMeJP"
    },
    "Pool": {
      "name": "SF Fantasy 25-26",
      "id": 91
    }
  },
  {
    "id": 339,
    "memberID": 14,
    "status": "COMPLETED",
    "amount": 25,
    "transaction_id": "0LL53580B0256253P",
    "createdAt": "2025-12-23T10:51:53.000Z",
    "User": {
      "id": 14,
      "username": "ThtsMeJP"
    },
    "Pool": {
      "name": "SF Fantasy 25-26",
      "id": 91
    }
  },
  {
    "id": 338,
    "memberID": 14,
    "status": "COMPLETED",
    "amount": 25,
    "transaction_id": "2R194525MS294763V",
    "createdAt": "2025-12-23T09:34:12.000Z",
    "User": {
      "id": 14,
      "username": "ThtsMeJP"
    },
    "Pool": {
      "name": "SF Fantasy 25-26",
      "id": 91
    }
  },
  {
    "id": 337,
    "memberID": 14,
    "status": "COMPLETED",
    "amount": 25,
    "transaction_id": "1UD90591JM9792042",
    "createdAt": "2025-12-22T17:12:00.000Z",
    "User": {
      "id": 14,
      "username": "ThtsMeJP"
    },
    "Pool": {
      "name": "SF Fantasy 25-26",
      "id": 91
    }
  },
  {
    "id": 336,
    "memberID": 14,
    "status": "COMPLETED",
    "amount": 25,
    "transaction_id": "74C66230TU991632P",
    "createdAt": "2025-12-22T15:31:18.000Z",
    "User": {
      "id": 14,
      "username": "ThtsMeJP"
    },
    "Pool": {
      "name": "SF Fantasy 25-26",
      "id": 91
    }
  },
  {
    "id": 335,
    "memberID": 14,
    "status": "COMPLETED",
    "amount": 25,
    "transaction_id": "1F435486T2625914H",
    "createdAt": "2025-12-22T15:26:45.000Z",
    "User": {
      "id": 14,
      "username": "ThtsMeJP"
    },
    "Pool": {
      "name": "SF Fantasy 25-26",
      "id": 91
    }
  },
  {
    "id": 334,
    "memberID": 14,
    "status": "COMPLETED",
    "amount": 25,
    "transaction_id": "9RR85069CL7844446",
    "createdAt": "2025-12-22T15:23:58.000Z",
    "User": {
      "id": 14,
      "username": "ThtsMeJP"
    },
    "Pool": {
      "name": "SF Fantasy 25-26",
      "id": 91
    }
  },
  {
    "id": 333,
    "memberID": 14,
    "status": "COMPLETED",
    "amount": 25,
    "transaction_id": "78N35342D5706622V",
    "createdAt": "2025-12-22T15:14:06.000Z",
    "User": {
      "id": 14,
      "username": "ThtsMeJP"
    },
    "Pool": {
      "name": "SF Fantasy 25-26",
      "id": 91
    }
  },
  {
    "id": 332,
    "memberID": 14,
    "status": "COMPLETED",
    "amount": 25,
    "transaction_id": "8AN77280FR020502K",
    "createdAt": "2025-12-22T15:04:59.000Z",
    "User": {
      "id": 14,
      "username": "ThtsMeJP"
    },
    "Pool": {
      "name": "SF Fantasy 25-26",
      "id": 91
    }
  },
  {
    "id": 331,
    "memberID": 14,
    "status": "COMPLETED",
    "amount": 25,
    "transaction_id": "5Y925617SC272645D",
    "createdAt": "2025-12-22T14:08:09.000Z",
    "User": {
      "id": 14,
      "username": "ThtsMeJP"
    },
    "Pool": {
      "name": "SF Fantasy 25-26",
      "id": 91
    }
  },
  {
    "id": 330,
    "memberID": 14,
    "status": "COMPLETED",
    "amount": 25,
    "transaction_id": "79S23141HM1608012",
    "createdAt": "2025-12-20T16:33:10.000Z",
    "User": {
      "id": 14,
      "username": "ThtsMeJP"
    },
    "Pool": {
      "name": "SF Fantasy 25-26",
      "id": 91
    }
  },
  {
    "id": 329,
    "memberID": 14,
    "status": "COMPLETED",
    "amount": 25,
    "transaction_id": "58785847SY6091814",
    "createdAt": "2025-12-20T15:11:05.000Z",
    "User": {
      "id": 14,
      "username": "ThtsMeJP"
    },
    "Pool": {
      "name": "SF Fantasy 25-26",
      "id": 91
    }
  },
  {
    "id": 328,
    "memberID": 14,
    "status": "COMPLETED",
    "amount": 25,
    "transaction_id": "1EG15807TK9507430",
    "createdAt": "2025-12-20T14:55:26.000Z",
    "User": {
      "id": 14,
      "username": "ThtsMeJP"
    },
    "Pool": {
      "name": "SF Fantasy 25-26",
      "id": 91
    }
  },
  {
    "id": 327,
    "memberID": 14,
    "status": "COMPLETED",
    "amount": 25,
    "transaction_id": "85A09279L0100025Y",
    "createdAt": "2025-12-20T14:53:51.000Z",
    "User": {
      "id": 14,
      "username": "ThtsMeJP"
    },
    "Pool": {
      "name": "SF Fantasy 25-26",
      "id": 91
    }
  },
  {
    "id": 326,
    "memberID": 14,
    "status": "COMPLETED",
    "amount": 25,
    "transaction_id": "54B20445H6398674G",
    "createdAt": "2025-12-20T14:33:01.000Z",
    "User": {
      "id": 14,
      "username": "ThtsMeJP"
    },
    "Pool": {
      "name": "SF Fantasy 25-26",
      "id": 91
    }
  },
  {
    "id": 325,
    "memberID": 14,
    "status": "COMPLETED",
    "amount": 25,
    "transaction_id": "6AW57378S2238163E",
    "createdAt": "2025-12-20T14:27:57.000Z",
    "User": {
      "id": 14,
      "username": "ThtsMeJP"
    },
    "Pool": {
      "name": "SF Fantasy 25-26",
      "id": 91
    }
  },
  {
    "id": 324,
    "memberID": 14,
    "status": "COMPLETED",
    "amount": 25,
    "transaction_id": "1VE43404T7767111G",
    "createdAt": "2025-12-20T14:13:17.000Z",
    "User": {
      "id": 14,
      "username": "ThtsMeJP"
    },
    "Pool": {
      "name": "SF Fantasy 25-26",
      "id": 91
    }
  },
  {
    "id": 323,
    "memberID": 14,
    "status": "COMPLETED",
    "amount": 25,
    "transaction_id": "8B5392565S684753T",
    "createdAt": "2025-12-20T14:07:18.000Z",
    "User": {
      "id": 14,
      "username": "ThtsMeJP"
    },
    "Pool": {
      "name": "SF Fantasy 25-26",
      "id": 91
    }
  },
  {
    "id": 322,
    "memberID": 14,
    "status": "COMPLETED",
    "amount": 25,
    "transaction_id": "5U5993969D6416058",
    "createdAt": "2025-12-20T14:04:01.000Z",
    "User": {
      "id": 14,
      "username": "ThtsMeJP"
    },
    "Pool": {
      "name": "SF Fantasy 25-26",
      "id": 91
    }
  },
  {
    "id": 321,
    "memberID": 14,
    "status": "COMPLETED",
    "amount": 25,
    "transaction_id": "29N15836HY3615456",
    "createdAt": "2025-12-20T13:47:09.000Z",
    "User": {
      "id": 14,
      "username": "ThtsMeJP"
    },
    "Pool": {
      "name": "SF Fantasy 25-26",
      "id": 91
    }
  },
  {
    "id": 320,
    "memberID": 14,
    "status": "COMPLETED",
    "amount": 25,
    "transaction_id": "9YG50182LR140472C",
    "createdAt": "2025-12-20T13:43:55.000Z",
    "User": {
      "id": 14,
      "username": "ThtsMeJP"
    },
    "Pool": {
      "name": "SF Fantasy 25-26",
      "id": 91
    }
  },
  {
    "id": 319,
    "memberID": 14,
    "status": "COMPLETED",
    "amount": 25,
    "transaction_id": "25C147705M279023K",
    "createdAt": "2025-12-20T13:42:13.000Z",
    "User": {
      "id": 14,
      "username": "ThtsMeJP"
    },
    "Pool": {
      "name": "SF Fantasy 25-26",
      "id": 91
    }
  },
  {
    "id": 318,
    "memberID": 14,
    "status": "COMPLETED",
    "amount": 25,
    "transaction_id": "25X39813361704055",
    "createdAt": "2025-12-20T13:40:13.000Z",
    "User": {
      "id": 14,
      "username": "ThtsMeJP"
    },
    "Pool": {
      "name": "SF Fantasy 25-26",
      "id": 91
    }
  },
  {
    "id": 317,
    "memberID": 14,
    "status": "COMPLETED",
    "amount": 25,
    "transaction_id": "3CK395018R3195605",
    "createdAt": "2025-12-20T13:33:16.000Z",
    "User": {
      "id": 14,
      "username": "ThtsMeJP"
    },
    "Pool": {
      "name": "SF Fantasy 25-26",
      "id": 91
    }
  },
  {
    "id": 316,
    "memberID": 14,
    "status": "COMPLETED",
    "amount": 25,
    "transaction_id": "32627656WE2938631",
    "createdAt": "2025-12-20T13:32:43.000Z",
    "User": {
      "id": 14,
      "username": "ThtsMeJP"
    },
    "Pool": {
      "name": "SF Fantasy 25-26",
      "id": 91
    }
  },
  {
    "id": 315,
    "memberID": 14,
    "status": "COMPLETED",
    "amount": 25,
    "transaction_id": "3MR03176WU375145W",
    "createdAt": "2025-12-19T15:10:22.000Z",
    "User": {
      "id": 14,
      "username": "ThtsMeJP"
    },
    "Pool": {
      "name": "SF Fantasy 25-26",
      "id": 91
    }
  },
  {
    "id": 314,
    "memberID": 14,
    "status": "COMPLETED",
    "amount": 25,
    "transaction_id": "0W5335919R413951J",
    "createdAt": "2025-12-19T15:03:46.000Z",
    "User": {
      "id": 14,
      "username": "ThtsMeJP"
    },
    "Pool": {
      "name": "SF Fantasy 25-26",
      "id": 91
    }
  },
  {
    "id": 313,
    "memberID": 14,
    "status": "COMPLETED",
    "amount": 25,
    "transaction_id": "73V78745RK696452U",
    "createdAt": "2025-12-19T14:42:23.000Z",
    "User": {
      "id": 14,
      "username": "ThtsMeJP"
    },
    "Pool": {
      "name": "SF Fantasy 25-26",
      "id": 91
    }
  },
  {
    "id": 312,
    "memberID": 14,
    "status": "COMPLETED",
    "amount": 25,
    "transaction_id": "1TY83887RE169411P",
    "createdAt": "2025-12-19T14:39:00.000Z",
    "User": {
      "id": 14,
      "username": "ThtsMeJP"
    },
    "Pool": {
      "name": "SF Fantasy 25-26",
      "id": 91
    }
  },
  {
    "id": 311,
    "memberID": 14,
    "status": "COMPLETED",
    "amount": 25,
    "transaction_id": "42C4698894441551D",
    "createdAt": "2025-12-19T13:59:09.000Z",
    "User": {
      "id": 14,
      "username": "ThtsMeJP"
    },
    "Pool": {
      "name": "SF Fantasy 25-26",
      "id": 91
    }
  },
  {
    "id": 310,
    "memberID": 14,
    "status": "COMPLETED",
    "amount": 25,
    "transaction_id": "22992823WL636801P",
    "createdAt": "2025-12-17T15:06:56.000Z",
    "User": {
      "id": 14,
      "username": "ThtsMeJP"
    },
    "Pool": {
      "name": "SF Fantasy 25-26",
      "id": 91
    }
  },
  {
    "id": 309,
    "memberID": 14,
    "status": "COMPLETED",
    "amount": 25,
    "transaction_id": "3BP94475HC6217113",
    "createdAt": "2025-12-17T14:40:26.000Z",
    "User": {
      "id": 14,
      "username": "ThtsMeJP"
    },
    "Pool": {
      "name": "SF Fantasy 25-26",
      "id": 91
    }
  },
  {
    "id": 308,
    "memberID": 14,
    "status": "COMPLETED",
    "amount": 25,
    "transaction_id": "5DL40682D7611425M",
    "createdAt": "2025-12-17T14:35:21.000Z",
    "User": {
      "id": 14,
      "username": "ThtsMeJP"
    },
    "Pool": {
      "name": "SF Fantasy 25-26",
      "id": 91
    }
  },
  {
    "id": 307,
    "memberID": 14,
    "status": "COMPLETED",
    "amount": 25,
    "transaction_id": "4RN81663EL372214D",
    "createdAt": "2025-12-17T14:31:41.000Z",
    "User": {
      "id": 14,
      "username": "ThtsMeJP"
    },
    "Pool": {
      "name": "SF Fantasy 25-26",
      "id": 91
    }
  },
  {
    "id": 306,
    "memberID": 14,
    "status": "COMPLETED",
    "amount": 25,
    "transaction_id": "1DG39238HC589051R",
    "createdAt": "2025-12-15T15:43:33.000Z",
    "User": {
      "id": 14,
      "username": "ThtsMeJP"
    },
    "Pool": {
      "name": "SF Fantasy 25-26",
      "id": 91
    }
  },
  {
    "id": 305,
    "memberID": 14,
    "status": "COMPLETED",
    "amount": 25,
    "transaction_id": "6RF00955CT5918747",
    "createdAt": "2025-12-15T15:42:06.000Z",
    "User": {
      "id": 14,
      "username": "ThtsMeJP"
    },
    "Pool": {
      "name": "SF Fantasy 25-26",
      "id": 91
    }
  },
  {
    "id": 304,
    "memberID": 14,
    "status": "COMPLETED",
    "amount": 25,
    "transaction_id": "7LP65509W0993052H",
    "createdAt": "2025-12-15T15:38:35.000Z",
    "User": {
      "id": 14,
      "username": "ThtsMeJP"
    },
    "Pool": {
      "name": "SF Fantasy 25-26",
      "id": 91
    }
  },
  {
    "id": 303,
    "memberID": 14,
    "status": "COMPLETED",
    "amount": 25,
    "transaction_id": "1PL834412C180402C",
    "createdAt": "2025-12-15T15:36:13.000Z",
    "User": {
      "id": 14,
      "username": "ThtsMeJP"
    },
    "Pool": {
      "name": "SF Fantasy 25-26",
      "id": 91
    }
  },
  {
    "id": 302,
    "memberID": 14,
    "status": "COMPLETED",
    "amount": 25,
    "transaction_id": "30091461WP860935U",
    "createdAt": "2025-12-15T15:34:33.000Z",
    "User": {
      "id": 14,
      "username": "ThtsMeJP"
    },
    "Pool": {
      "name": "SF Fantasy 25-26",
      "id": 91
    }
  },
  {
    "id": 301,
    "memberID": 14,
    "status": "COMPLETED",
    "amount": 25,
    "transaction_id": "40U40620LU3207534",
    "createdAt": "2025-12-15T15:34:09.000Z",
    "User": {
      "id": 14,
      "username": "ThtsMeJP"
    },
    "Pool": {
      "name": "SF Fantasy 25-26",
      "id": 91
    }
  },
  {
    "id": 300,
    "memberID": 14,
    "status": "COMPLETED",
    "amount": 25,
    "transaction_id": "03H64659LR687033B",
    "createdAt": "2025-12-15T15:33:50.000Z",
    "User": {
      "id": 14,
      "username": "ThtsMeJP"
    },
    "Pool": {
      "name": "SF Fantasy 25-26",
      "id": 91
    }
  },
  {
    "id": 299,
    "memberID": 14,
    "status": "COMPLETED",
    "amount": 25,
    "transaction_id": "49N00351Y8935172Y",
    "createdAt": "2025-12-15T15:32:26.000Z",
    "User": {
      "id": 14,
      "username": "ThtsMeJP"
    },
    "Pool": {
      "name": "SF Fantasy 25-26",
      "id": 91
    }
  },
  {
    "id": 298,
    "memberID": 14,
    "status": "COMPLETED",
    "amount": 25,
    "transaction_id": "63U17007M0316334L",
    "createdAt": "2025-12-15T15:23:34.000Z",
    "User": {
      "id": 14,
      "username": "ThtsMeJP"
    },
    "Pool": {
      "name": "SF Fantasy 25-26",
      "id": 91
    }
  },
  {
    "id": 297,
    "memberID": 14,
    "status": "COMPLETED",
    "amount": 25,
    "transaction_id": "2XT5162045488533J",
    "createdAt": "2025-12-15T15:02:55.000Z",
    "User": {
      "id": 14,
      "username": "ThtsMeJP"
    },
    "Pool": {
      "name": "SF Fantasy 25-26",
      "id": 91
    }
  },
  {
    "id": 296,
    "memberID": 14,
    "status": "COMPLETED",
    "amount": 25,
    "transaction_id": "5T4046792Y8349022",
    "createdAt": "2025-12-15T15:02:03.000Z",
    "User": {
      "id": 14,
      "username": "ThtsMeJP"
    },
    "Pool": {
      "name": "SF Fantasy 25-26",
      "id": 91
    }
  },
  {
    "id": 295,
    "memberID": 14,
    "status": "COMPLETED",
    "amount": 25,
    "transaction_id": "2A45940410486040U",
    "createdAt": "2025-12-15T14:48:32.000Z",
    "User": {
      "id": 14,
      "username": "ThtsMeJP"
    },
    "Pool": {
      "name": "SF Fantasy 25-26",
      "id": 91
    }
  },
  {
    "id": 294,
    "memberID": 14,
    "status": "COMPLETED",
    "amount": 25,
    "transaction_id": "7DV18714UK7344420",
    "createdAt": "2025-12-13T16:03:19.000Z",
    "User": {
      "id": 14,
      "username": "ThtsMeJP"
    },
    "Pool": {
      "name": "SF Fantasy 25-26",
      "id": 91
    }
  },
  {
    "id": 293,
    "memberID": 14,
    "status": "COMPLETED",
    "amount": 20,
    "transaction_id": "16649762XY1093114",
    "createdAt": "2025-12-13T15:51:10.000Z",
    "User": {
      "id": 14,
      "username": "ThtsMeJP"
    },
    "Pool": {
      "name": "SF Fantasy 25-26",
      "id": 91
    }
  },
  {
    "id": 292,
    "memberID": 14,
    "status": "COMPLETED",
    "amount": 20,
    "transaction_id": "95B21091MJ958842L",
    "createdAt": "2025-12-13T15:42:37.000Z",
    "User": {
      "id": 14,
      "username": "ThtsMeJP"
    },
    "Pool": {
      "name": "SF Fantasy 25-26",
      "id": 91
    }
  },
  {
    "id": 291,
    "memberID": 14,
    "status": "COMPLETED",
    "amount": 20,
    "transaction_id": "7VH68978G37341418",
    "createdAt": "2025-12-13T15:42:16.000Z",
    "User": {
      "id": 14,
      "username": "ThtsMeJP"
    },
    "Pool": {
      "name": "SF Fantasy 25-26",
      "id": 91
    }
  },
  {
    "id": 290,
    "memberID": 14,
    "status": "COMPLETED",
    "amount": 20,
    "transaction_id": "3DH13591A9104342K",
    "createdAt": "2025-12-13T15:39:00.000Z",
    "User": {
      "id": 14,
      "username": "ThtsMeJP"
    },
    "Pool": {
      "name": "SF Fantasy 25-26",
      "id": 91
    }
  },
  {
    "id": 289,
    "memberID": 14,
    "status": "COMPLETED",
    "amount": 20,
    "transaction_id": "60058927T79999128",
    "createdAt": "2025-12-13T15:30:11.000Z",
    "User": {
      "id": 14,
      "username": "ThtsMeJP"
    },
    "Pool": {
      "name": "SF Fantasy 25-26",
      "id": 91
    }
  },
  {
    "id": 288,
    "memberID": 14,
    "status": "COMPLETED",
    "amount": 20,
    "transaction_id": "44L45818VL739103F",
    "createdAt": "2025-12-13T15:21:38.000Z",
    "User": {
      "id": 14,
      "username": "ThtsMeJP"
    },
    "Pool": {
      "name": "SF Fantasy 25-26",
      "id": 91
    }
  },
  {
    "id": 287,
    "memberID": 14,
    "status": "COMPLETED",
    "amount": 20,
    "transaction_id": "4R523382VH1691816",
    "createdAt": "2025-12-13T15:19:59.000Z",
    "User": {
      "id": 14,
      "username": "ThtsMeJP"
    },
    "Pool": {
      "name": "SF Fantasy 25-26",
      "id": 91
    }
  },
  {
    "id": 286,
    "memberID": 14,
    "status": "COMPLETED",
    "amount": 20,
    "transaction_id": "67V88485N96104020",
    "createdAt": "2025-12-13T15:00:55.000Z",
    "User": {
      "id": 14,
      "username": "ThtsMeJP"
    },
    "Pool": {
      "name": "SF Fantasy 25-26",
      "id": 91
    }
  },
  {
    "id": 285,
    "memberID": 14,
    "status": "COMPLETED",
    "amount": 20,
    "transaction_id": "8K934595JP2155027",
    "createdAt": "2025-12-13T14:54:05.000Z",
    "User": {
      "id": 14,
      "username": "ThtsMeJP"
    },
    "Pool": {
      "name": "SF Fantasy 25-26",
      "id": 91
    }
  },
  {
    "id": 284,
    "memberID": 14,
    "status": "COMPLETED",
    "amount": 20,
    "transaction_id": "3GY586134W403825N",
    "createdAt": "2025-12-13T14:53:18.000Z",
    "User": {
      "id": 14,
      "username": "ThtsMeJP"
    },
    "Pool": {
      "name": "SF Fantasy 25-26",
      "id": 91
    }
  },
  {
    "id": 283,
    "memberID": 14,
    "status": "COMPLETED",
    "amount": 20,
    "transaction_id": "64245800HA2646202",
    "createdAt": "2025-12-13T14:52:52.000Z",
    "User": {
      "id": 14,
      "username": "ThtsMeJP"
    },
    "Pool": {
      "name": "SF Fantasy 25-26",
      "id": 91
    }
  },
  {
    "id": 282,
    "memberID": 14,
    "status": "COMPLETED",
    "amount": 20,
    "transaction_id": "1BL28199WU732444W",
    "createdAt": "2025-12-13T14:42:57.000Z",
    "User": {
      "id": 14,
      "username": "ThtsMeJP"
    },
    "Pool": {
      "name": "SF Fantasy 25-26",
      "id": 91
    }
  },
  {
    "id": 281,
    "memberID": 14,
    "status": "COMPLETED",
    "amount": 20,
    "transaction_id": "48U08769VP948114H",
    "createdAt": "2025-12-13T14:40:20.000Z",
    "User": {
      "id": 14,
      "username": "ThtsMeJP"
    },
    "Pool": {
      "name": "SF Fantasy 25-26",
      "id": 91
    }
  },
  {
    "id": 280,
    "memberID": 14,
    "status": "COMPLETED",
    "amount": 95,
    "transaction_id": "9T666922DD631745M",
    "createdAt": "2025-11-07T11:38:23.000Z",
    "User": {
      "id": 14,
      "username": "ThtsMeJP"
    },
    "Pool": {
      "name": "Shoe shop",
      "id": 95
    }
  },
  {
    "id": 279,
    "memberID": 14,
    "status": "COMPLETED",
    "amount": 15,
    "transaction_id": "3SC205031G198680S",
    "createdAt": "2025-11-07T11:34:46.000Z",
    "User": {
      "id": 14,
      "username": "ThtsMeJP"
    },
    "Pool": {
      "name": "Shoe shop",
      "id": 95
    }
  },
  {
    "id": 278,
    "memberID": 14,
    "status": "COMPLETED",
    "amount": 10,
    "transaction_id": "6HM63498VW924354X",
    "createdAt": "2025-11-05T16:44:17.000Z",
    "User": {
      "id": 14,
      "username": "ThtsMeJP"
    },
    "Pool": {
      "name": "Shoe shop",
      "id": 95
    }
  },
  {
    "id": 277,
    "memberID": 14,
    "status": "COMPLETED",
    "amount": 10,
    "transaction_id": "9CL70090L5713621J",
    "createdAt": "2025-10-24T13:43:12.000Z",
    "User": {
      "id": 14,
      "username": "ThtsMeJP"
    },
    "Pool": {
      "name": "Shoe shop",
      "id": 95
    }
  },
  {
    "id": 263,
    "memberID": 14,
    "status": "COMPLETED",
    "amount": 50,
    "transaction_id": "18J60268MM156893D",
    "createdAt": "2025-08-15T21:18:29.000Z",
    "User": {
      "id": 14,
      "username": "ThtsMeJP"
    },
    "Pool": {
      "name": "SF Fantasy 25-26",
      "id": 91
    }
  },
  {
    "id": 262,
    "memberID": 14,
    "status": "COMPLETED",
    "amount": 50,
    "transaction_id": "8GJ05903BR507021R",
    "createdAt": "2025-08-06T23:10:33.000Z",
    "User": {
      "id": 14,
      "username": "ThtsMeJP"
    },
    "Pool": {
      "name": "SF Fantasy 25-26",
      "id": 91
    }
  },
  {
    "id": 256,
    "memberID": 14,
    "status": "COMPLETED",
    "amount": 10,
    "transaction_id": "25R41842NA851564W",
    "createdAt": "2025-06-29T01:17:11.000Z",
    "User": {
      "id": 14,
      "username": "ThtsMeJP"
    },
    "Pool": {
      "name": "Big bear Pool",
      "id": 90
    }
  },
  {
    "id": 89,
    "memberID": 14,
    "status": "COMPLETED",
    "amount": 48,
    "transaction_id": "5GD37611R75842346",
    "createdAt": "2024-07-25T15:38:43.000Z",
    "User": {
      "id": 14,
      "username": "ThtsMeJP"
    },
    "Pool": {
      "name": "SoCal Prospects Uniform package",
      "id": 55
    }
  },
  {
    "id": 86,
    "memberID": 14,
    "status": "COMPLETED",
    "amount": 10,
    "transaction_id": "3EX165544E867282J",
    "createdAt": "2024-05-16T15:17:54.000Z",
    "User": {
      "id": 14,
      "username": "ThtsMeJP"
    },
    "Pool": {
      "name": "SoCal Prospects team fund",
      "id": 52
    }
  },
  {
    "id": 85,
    "memberID": 14,
    "status": "COMPLETED",
    "amount": 10,
    "transaction_id": "83N30857HL523970Y",
    "createdAt": "2024-05-16T15:15:39.000Z",
    "User": {
      "id": 14,
      "username": "ThtsMeJP"
    },
    "Pool": {
      "name": "SoCal Prospects team fund",
      "id": 52
    }
  },
  {
    "id": 65,
    "memberID": 14,
    "status": "COMPLETED",
    "amount": 40,
    "transaction_id": null,
    "createdAt": "2024-04-09T00:32:49.000Z",
    "User": {
      "id": 14,
      "username": "ThtsMeJP"
    },
    "Pool": {
      "name": "SoCal Prospects Red Hill 4/14",
      "id": 53
    }
  },
  {
    "id": 61,
    "memberID": 14,
    "status": "COMPLETED",
    "amount": 20,
    "transaction_id": null,
    "createdAt": "2024-03-23T16:28:16.000Z",
    "User": {
      "id": 14,
      "username": "ThtsMeJP"
    },
    "Pool": {
      "name": "SoCal Prospects team fund",
      "id": 52
    }
  },
  {
    "id": 59,
    "memberID": 14,
    "status": "COMPLETED",
    "amount": 35,
    "transaction_id": null,
    "createdAt": "2024-03-21T20:07:05.000Z",
    "User": {
      "id": 14,
      "username": "ThtsMeJP"
    },
    "Pool": {
      "name": "SoCal Prospects 3/23 Tournament Fee",
      "id": 46
    }
  },
  {
    "id": 53,
    "memberID": 14,
    "status": "COMPLETED",
    "amount": 55,
    "transaction_id": null,
    "createdAt": "2024-03-19T23:52:32.000Z",
    "User": {
      "id": 14,
      "username": "ThtsMeJP"
    },
    "Pool": {
      "name": "Platinum 3/21 League Night Fees",
      "id": 47
    }
  },
  {
    "id": 40,
    "memberID": 14,
    "status": "COMPLETED",
    "amount": 30,
    "transaction_id": null,
    "createdAt": "2023-12-29T18:52:20.000Z",
    "User": {
      "id": 14,
      "username": "ThtsMeJP"
    },
    "Pool": {
      "name": "SF Jerseys and Hoodies",
      "id": 36
    }
  },
  {
    "id": 35,
    "memberID": 14,
    "status": "COMPLETED",
    "amount": 43,
    "transaction_id": null,
    "createdAt": "2023-12-28T23:21:32.000Z",
    "User": {
      "id": 14,
      "username": "ThtsMeJP"
    },
    "Pool": {
      "name": "Strictly Family Civil War Jan 6/7",
      "id": 37
    }
  },
  {
    "id": 30,
    "memberID": 14,
    "status": "COMPLETED",
    "amount": 80,
    "transaction_id": null,
    "createdAt": "2023-12-27T19:40:43.000Z",
    "User": {
      "id": 14,
      "username": "ThtsMeJP"
    },
    "Pool": {
      "name": "SF Jerseys and Hoodies",
      "id": 36
    }
  },
  {
    "id": 28,
    "memberID": 14,
    "status": "COMPLETED",
    "amount": 60,
    "transaction_id": null,
    "createdAt": "2023-12-11T19:07:14.000Z",
    "User": {
      "id": 14,
      "username": "ThtsMeJP"
    },
    "Pool": {
      "name": "Platinum Softball",
      "id": 33
    }
  },
  {
    "id": 19,
    "memberID": 14,
    "status": "COMPLETED",
    "amount": 70,
    "transaction_id": null,
    "createdAt": "2023-11-11T22:08:00.000Z",
    "User": {
      "id": 14,
      "username": "ThtsMeJP"
    },
    "Pool": {
      "name": "Team Uniforms",
      "id": 31
    }
  },
  {
    "id": 5,
    "memberID": 14,
    "status": "COMPLETED",
    "amount": 10,
    "transaction_id": null,
    "createdAt": "2023-10-13T07:14:19.000Z",
    "User": {
      "id": 14,
      "username": "ThtsMeJP"
    },
    "Pool": {
      "name": "LA Empire Hoodies",
      "id": 29
    }
  },
  {
    "id": 4,
    "memberID": 14,
    "status": "COMPLETED",
    "amount": 30,
    "transaction_id": null,
    "createdAt": "2023-10-13T07:13:48.000Z",
    "User": {
      "id": 14,
      "username": "ThtsMeJP"
    },
    "Pool": {
      "name": "LA Empire Hoodies",
      "id": 29
    }
  },
  {
    "id": 2,
    "memberID": 14,
    "status": "COMPLETED",
    "amount": 30,
    "transaction_id": null,
    "createdAt": "2023-10-12T03:33:31.000Z",
    "User": {
      "id": 14,
      "username": "ThtsMeJP"
    },
    "Pool": {
      "name": "IE Kingz",
      "id": 28
    }
  }
]