[
  {
    "id": 279,
    "memberID": 14,
    "status": "COMPLETED",
    "amount": 10,
    "transaction_id": "6F303118J76324948",
    "createdAt": "2025-11-11T20:01:32.000Z",
    "User": {
      "id": 14,
      "username": "ThtsMeJP"
    },
    "Pool": {
      "name": "Shoe shop",
      "id": 95
    }
  },
  {
    "id": 278,
    "memberID": 14,
    "status": "COMPLETED",
    "amount": 5,
    "transaction_id": "0H826359DA490453S",
    "createdAt": "2025-11-11T19:54:53.000Z",
    "User": {
      "id": 14,
      "username": "ThtsMeJP"
    },
    "Pool": {
      "name": "Shoe shop",
      "id": 95
    }
  },
  {
    "id": 277,
    "memberID": 14,
    "status": "COMPLETED",
    "amount": 10,
    "transaction_id": "9CL70090L5713621J",
    "createdAt": "2025-10-24T13:43:12.000Z",
    "User": {
      "id": 14,
      "username": "ThtsMeJP"
    },
    "Pool": {
      "name": "Shoe shop",
      "id": 95
    }
  },
  {
    "id": 263,
    "memberID": 14,
    "status": "COMPLETED",
    "amount": 50,
    "transaction_id": "18J60268MM156893D",
    "createdAt": "2025-08-15T21:18:29.000Z",
    "User": {
      "id": 14,
      "username": "ThtsMeJP"
    },
    "Pool": {
      "name": "SF Fantasy 25-26",
      "id": 91
    }
  },
  {
    "id": 262,
    "memberID": 14,
    "status": "COMPLETED",
    "amount": 50,
    "transaction_id": "8GJ05903BR507021R",
    "createdAt": "2025-08-06T23:10:33.000Z",
    "User": {
      "id": 14,
      "username": "ThtsMeJP"
    },
    "Pool": {
      "name": "SF Fantasy 25-26",
      "id": 91
    }
  },
  {
    "id": 256,
    "memberID": 14,
    "status": "COMPLETED",
    "amount": 10,
    "transaction_id": "25R41842NA851564W",
    "createdAt": "2025-06-29T01:17:11.000Z",
    "User": {
      "id": 14,
      "username": "ThtsMeJP"
    },
    "Pool": {
      "name": "Big bear Pool",
      "id": 90
    }
  },
  {
    "id": 89,
    "memberID": 14,
    "status": "COMPLETED",
    "amount": 48,
    "transaction_id": "5GD37611R75842346",
    "createdAt": "2024-07-25T15:38:43.000Z",
    "User": {
      "id": 14,
      "username": "ThtsMeJP"
    },
    "Pool": {
      "name": "SoCal Prospects Uniform package",
      "id": 55
    }
  },
  {
    "id": 86,
    "memberID": 14,
    "status": "COMPLETED",
    "amount": 10,
    "transaction_id": "3EX165544E867282J",
    "createdAt": "2024-05-16T15:17:54.000Z",
    "User": {
      "id": 14,
      "username": "ThtsMeJP"
    },
    "Pool": {
      "name": "SoCal Prospects team fund",
      "id": 52
    }
  },
  {
    "id": 85,
    "memberID": 14,
    "status": "COMPLETED",
    "amount": 10,
    "transaction_id": "83N30857HL523970Y",
    "createdAt": "2024-05-16T15:15:39.000Z",
    "User": {
      "id": 14,
      "username": "ThtsMeJP"
    },
    "Pool": {
      "name": "SoCal Prospects team fund",
      "id": 52
    }
  },
  {
    "id": 65,
    "memberID": 14,
    "status": "COMPLETED",
    "amount": 40,
    "transaction_id": null,
    "createdAt": "2024-04-09T00:32:49.000Z",
    "User": {
      "id": 14,
      "username": "ThtsMeJP"
    },
    "Pool": {
      "name": "SoCal Prospects Red Hill 4/14",
      "id": 53
    }
  },
  {
    "id": 61,
    "memberID": 14,
    "status": "COMPLETED",
    "amount": 20,
    "transaction_id": null,
    "createdAt": "2024-03-23T16:28:16.000Z",
    "User": {
      "id": 14,
      "username": "ThtsMeJP"
    },
    "Pool": {
      "name": "SoCal Prospects team fund",
      "id": 52
    }
  },
  {
    "id": 59,
    "memberID": 14,
    "status": "COMPLETED",
    "amount": 35,
    "transaction_id": null,
    "createdAt": "2024-03-21T20:07:05.000Z",
    "User": {
      "id": 14,
      "username": "ThtsMeJP"
    },
    "Pool": {
      "name": "SoCal Prospects 3/23 Tournament Fee",
      "id": 46
    }
  },
  {
    "id": 53,
    "memberID": 14,
    "status": "COMPLETED",
    "amount": 55,
    "transaction_id": null,
    "createdAt": "2024-03-19T23:52:32.000Z",
    "User": {
      "id": 14,
      "username": "ThtsMeJP"
    },
    "Pool": {
      "name": "Platinum 3/21 League Night Fees",
      "id": 47
    }
  },
  {
    "id": 40,
    "memberID": 14,
    "status": "COMPLETED",
    "amount": 30,
    "transaction_id": null,
    "createdAt": "2023-12-29T18:52:20.000Z",
    "User": {
      "id": 14,
      "username": "ThtsMeJP"
    },
    "Pool": {
      "name": "SF Jerseys and Hoodies",
      "id": 36
    }
  },
  {
    "id": 35,
    "memberID": 14,
    "status": "COMPLETED",
    "amount": 43,
    "transaction_id": null,
    "createdAt": "2023-12-28T23:21:32.000Z",
    "User": {
      "id": 14,
      "username": "ThtsMeJP"
    },
    "Pool": {
      "name": "Strictly Family Civil War Jan 6/7",
      "id": 37
    }
  },
  {
    "id": 30,
    "memberID": 14,
    "status": "COMPLETED",
    "amount": 80,
    "transaction_id": null,
    "createdAt": "2023-12-27T19:40:43.000Z",
    "User": {
      "id": 14,
      "username": "ThtsMeJP"
    },
    "Pool": {
      "name": "SF Jerseys and Hoodies",
      "id": 36
    }
  },
  {
    "id": 28,
    "memberID": 14,
    "status": "COMPLETED",
    "amount": 60,
    "transaction_id": null,
    "createdAt": "2023-12-11T19:07:14.000Z",
    "User": {
      "id": 14,
      "username": "ThtsMeJP"
    },
    "Pool": {
      "name": "Platinum Softball",
      "id": 33
    }
  },
  {
    "id": 19,
    "memberID": 14,
    "status": "COMPLETED",
    "amount": 70,
    "transaction_id": null,
    "createdAt": "2023-11-11T22:08:00.000Z",
    "User": {
      "id": 14,
      "username": "ThtsMeJP"
    },
    "Pool": {
      "name": "Team Uniforms",
      "id": 31
    }
  },
  {
    "id": 5,
    "memberID": 14,
    "status": "COMPLETED",
    "amount": 10,
    "transaction_id": null,
    "createdAt": "2023-10-13T07:14:19.000Z",
    "User": {
      "id": 14,
      "username": "ThtsMeJP"
    },
    "Pool": {
      "name": "LA Empire Hoodies",
      "id": 29
    }
  },
  {
    "id": 4,
    "memberID": 14,
    "status": "COMPLETED",
    "amount": 30,
    "transaction_id": null,
    "createdAt": "2023-10-13T07:13:48.000Z",
    "User": {
      "id": 14,
      "username": "ThtsMeJP"
    },
    "Pool": {
      "name": "LA Empire Hoodies",
      "id": 29
    }
  },
  {
    "id": 2,
    "memberID": 14,
    "status": "COMPLETED",
    "amount": 30,
    "transaction_id": null,
    "createdAt": "2023-10-12T03:33:31.000Z",
    "User": {
      "id": 14,
      "username": "ThtsMeJP"
    },
    "Pool": {
      "name": "IE Kingz",
      "id": 28
    }
  }
]